epoch,accuracy,loss,val_accuracy,val_loss
0,0.7213272,32.798175842829494,0.8656250238418579,0.3464075043797493
