epoch,accuracy,loss,val_accuracy,val_loss
0,0.78379625,0.46128446539906276,0.7811027765274048,0.4666313314312348
1,0.81111044,0.41153481780341045,0.7686339616775513,0.48784697605784694
