epoch,accuracy,loss,val_accuracy,val_loss
0,0.7099004,18.055639468267774,0.758593738079071,0.6081752873957157
1,0.7650876,0.6013712807571169,0.7953125238418579,0.5019336709752679
2,0.79304796,0.48285970849974097,0.8671875,0.3961236351169646
3,0.81506926,0.4208208995492626,0.7562500238418579,0.8227108222898096
4,0.7023672,0.8168011479636998,0.37812501192092896,0.8289151191711426
5,0.6195723,0.6682316195688005,0.37812501192092896,0.800838389992714
