epoch,accuracy,loss,val_accuracy,val_loss
0,0.7887233,0.45757272248896,0.7594901919364929,0.5366384444490434
1,0.8161606,0.4059214424035625,0.6963147521018982,0.8135059961951582
2,0.8463694,0.3526070125393219,0.7190357446670532,0.5583401146226393
3,0.89336085,0.25894621091776016,0.7240232825279236,0.6171086404950509
4,0.9412145,0.15094214819599755,0.7248545289039612,0.7453925785974771
5,0.96920615,0.0849862654575898,0.7550567984580994,0.8054377883714003
6,0.97955287,0.05793244351873281,0.7736214995384216,0.9826986861711197
