epoch,accuracy,loss,val_accuracy,val_loss
0,0.7223429,16.25180485172687,0.8343750238418579,0.38726520873606207
1,0.7874898,0.4611834215191408,0.885937511920929,0.3473930139094591
