epoch,accuracy,loss,val_accuracy,val_loss
0,0.5977344,54.700993404997746,0.37812501192092896,0.7468780368566513
