epoch,accuracy,loss,val_accuracy,val_loss
0,0.7639954,230.3063933710379,0.7015625238418579,0.8070592398289591
1,0.9472776,0.14239866864736095,0.871874988079071,0.4121461966075003
2,0.96702456,0.081809660494099,0.8734375238418579,0.4271399575285614
3,0.9723926,0.07814364070415589,0.7578125,0.9604419779003365
4,0.9771856,0.06164191014339085,0.78125,0.9450344962271628
5,0.9766104,0.0685897801939878,0.651562511920929,2.482651513461133
6,0.98619634,0.041031619765298684,0.7734375,1.1152087494338048
7,0.9890721,0.029370851309804324,0.714062511920929,1.8806940799259337
8,0.9883052,0.03329323702870348,0.7093750238418579,2.2200253505667433
