epoch,accuracy,loss,val_accuracy,val_loss
0,0.8757669,426.1796574290236,0.653124988079071,231.38203328847885
1,0.94545627,11.620042228483905,0.8804687261581421,35.01715167760849
2,0.9410468,9.229845691743517,0.6875,134.00540054142476
3,0.970092,3.093938383740691,0.7632812261581421,65.0028651583947
