epoch,accuracy,loss,val_accuracy,val_loss
0,0.70798177,53.55932603785724,0.7137711048126221,3.728398919865245
1,0.7567592,1.221407413310133,0.6065391898155212,1.024803632859478
2,0.78287244,0.5956176365252206,0.7733443975448608,0.5065847197772063
3,0.80489004,0.6207572990078464,0.7617068290710449,0.48525975283310663
4,0.8284166,0.38391679303285015,0.7564422488212585,0.5283513368662456
5,0.8367925,0.36910365503645004,0.7581047415733337,0.5262155723178708
