epoch,accuracy,loss,val_accuracy,val_loss
0,0.69384396,16.0003584361263,0.540044367313385,2.212941540927789
1,0.76995426,0.5474395484242247,0.7817652821540833,0.4717046205019941
