epoch,accuracy,loss,val_accuracy,val_loss
0,0.7887233,0.45757272248896,0.7594901919364929,0.5366384444490434
