epoch,accuracy,loss,val_accuracy,val_loss
0,0.7213272,32.798175842829494,0.8656250238418579,0.3464075043797493
1,0.7917783,0.4544499039396026,0.895312488079071,0.3035587206482887
2,0.80103266,0.4315421459756768,0.793749988079071,0.4744863096624613
3,0.80777586,0.4239825544005353,0.903124988079071,0.29716404601931573
