epoch,accuracy,loss,val_accuracy,val_loss
0,0.71289754,26.47249488719724,0.31127893924713135,2.493469255443291
