epoch,accuracy,loss,val_accuracy,val_loss
0,0.8220859,216.07351086203985,0.8046875,1.2472348243711167
1,0.9495782,0.22294776966299668,0.737500011920929,2.55489844182013
2,0.9265721,0.5423773387083816,0.6421874761581421,7.485198899574057
3,0.95417947,0.2954166712425325,0.815625011920929,1.6345665133647345
4,0.9591641,0.285765923132235,0.7953125238418579,2.308109461906733
