epoch,accuracy,loss,val_accuracy,val_loss
0,0.7099004,18.055639468267774,0.758593738079071,0.6081752873957157
