epoch,accuracy,loss,val_accuracy,val_loss
0,0.84758437,110.00853910970713,0.864062488079071,1.8180807118085796
1,0.9467025,0.6117286395462215,0.75,3.1826180539245494
2,0.92427146,0.9435858073503296,0.7171875238418579,2.911369548427854
