epoch,accuracy,loss,val_accuracy,val_loss
0,0.9370019,0.2005934027513132,0.7372013926506042,1.2145065456730513
