epoch,accuracy,loss,val_accuracy,val_loss
0,0.7866601,0.45728829560876294,0.7367691993713379,0.5515266396920745
