epoch,accuracy,loss,val_accuracy,val_loss
0,0.69384396,16.0003584361263,0.540044367313385,2.212941540927789
1,0.76995426,0.5474395484242247,0.7817652821540833,0.4717046205019941
2,0.80354047,0.4624009608049564,0.788624107837677,0.45016366907792754
3,0.8158733,0.42998747952395483,0.780102550983429,0.471323817704083
4,0.80897945,0.459167167518554,0.6664126515388489,0.6715436195202344
5,0.81036514,0.4578411990062599,0.7929887771606445,0.4350270461768544
