epoch,accuracy,loss,val_accuracy,val_loss
0,0.69793755,25.5906282921756,0.8203125,0.43593437746167185
1,0.7683887,0.4897467320433818,0.8500000238418579,0.5561021351255476
2,0.7828626,0.4686273359887114,0.8734375238418579,0.34581786915659907
3,0.75827384,5.722073076302279,0.882031261920929,0.45020435713231566
4,0.7903676,0.4533527050246888,0.864062488079071,0.6094662101939321
5,0.7988178,0.439074840806453,0.8726562261581421,0.664165847748518
