epoch,accuracy,loss,val_accuracy,val_loss
0,0.68653893,173.353430740102,0.832812488079071,2.1141317561268806
