epoch,accuracy,loss,val_accuracy,val_loss
0,0.77212536,0.492607652287534,0.6977002024650574,0.7052795546442625
