epoch,accuracy,loss,val_accuracy,val_loss
0,0.68653893,173.353430740102,0.832812488079071,2.1141317561268806
1,0.7108033,1.4854458163280881,0.88671875,0.6205707563087344
2,0.7816776,0.4650265774031517,0.8960937261581421,0.7067304411903024
3,0.7984228,0.4403339887827066,0.8890625238418579,0.3036956489086151
4,0.81090766,0.4224848182461444,0.8843749761581421,0.5742961894720793
