{"val_loss": [0.38726520873606207], "val_accuracy": [0.8343750238418579], "loss": [16.25180485172687], "accuracy": [