{"val_loss": [2.1141317561268806, 0.6205707563087344, 0.7067304411903024, 0.3036956489086151, 0.5742961894720793], "val_accuracy": [0.832812488079071, 0.88671875, 0.8960937261581421, 0.8890625238418579, 0.8843749761581421], "loss": [173.353430740102, 1.4854458163280881, 0.4650265774031517, 0.4403339887827066, 0.4224848182461444], "accuracy": [