{"val_loss": [24.461970133656514, 12.356116035156216, 18.699051041082303, 13.355296741396534, 10.07490356273472, 18.609365455922806, 17.837898131671757, 18.71733939289034, 20.279540864359262, 21.368181905068422, 22.84085077348162, 11.175693885023142, 19.45981842696451, 18.294492941986263, 12.195644840740481, 16.457990954444664, 22.712311027025272, 10.161601561132581, 42.931030216813085, 22.216974736110547, 41.137575172421194, 26.659129799375215, 28.259870912131095, 26.683952616971403, 23.35445992950001], "val_accuracy": [0.6695312261581421, 0.729687511920929, 0.6898437738418579, 0.717968761920929, 0.764843761920929, 0.7203124761581421, 0.73046875, 0.72265625, 0.719531238079071, 0.7054687738418579, 0.66796875, 0.7593749761581421, 0.737500011920929, 0.754687488079071, 0.770312488079071, 0.715624988079071, 0.699999988079071, 0.8179687261581421, 0.688281238079071, 0.754687488079071, 0.680468738079071, 0.731249988079071, 0.6968749761581421, 0.7085937261581421, 0.729687511920929], "loss": [102.98610912484027, 1.3094323510066197, 1.6223561188178788, 1.2026731693247372, 0.4753912321377683, 0.20579429865541043, 0.24048907860290697, 0.21159919443754346, 0.12027821853044386, 0.19568395020367652, 0.4230425193209018, 0.2465232807908167, 0.16520225509286682, 0.14362060725407463, 0.07386708744758388, 0.07170482617964567, 0.044055854377926355, 0.04083744269213575, 1.433251508971251, 0.4562216326027118, 0.11281312132845499, 0.024487464414774625, 0.026671477695805614, 0.018581203098456702, 0.0001554426072561513], "accuracy": [