{"val_loss": [2.493469255443291, 0.45429193697693243, 0.4418351482829675, 0.47156601207679505, 0.4998901735568486, 0.4986075653013338, 0.5915283778871016, 0.5742887866881906, 0.565289542882152, 0.5805236401031995, 0.6364400331145164, 0.6702924333435356, 0.6521566582466074, 0.5909080039733035, 0.7464077888606112, 0.6960427915602324, 0.5722165716822596, 0.5639838444256661, 0.5834149292537144, 0.5836120278729252], "val_accuracy": [0.31127893924713135, 0.7896633148193359, 0.7942358255386353, 0.7769848704338074, 0.7788555026054382, 0.7822502255439758, 0.7554385662078857, 0.7555770874023438, 0.7555770874023438, 0.7555770874023438, 0.7555770874023438, 0.7555770874023438, 0.7555770874023438, 0.7555770874023438, 0.24442289769649506, 0.24442289769649506, 0.7555770874023438, 0.7555770874023438, 0.7555770874023438, 0.7555770874023438], "loss": [26.47249488719724, 0.49482865667818887, 0.4203193976632182, 0.40138967732815584, 0.3910929441734914, 0.3775179253677267, 0.3780478421965962, 0.7013570008175971, 0.6881150300625183, 0.6885458453606974, 0.6954186681087866, 0.6928371738381506, 0.6941119462596497, 0.6993659634249197, 0.6925925097346248, 0.6945677884261177, 0.7003342570844249, 0.6953271069827648, 0.700366574005898, 0.6977557607709036], "accuracy": [