{"val_loss": [0.3408155269920826, 0.42478371486067773, 0.5806346800178289, 0.5144103242084384, 1.2771478115959325, 1.42058169766824, 1.0181006222264841, 0.8039335148991086, 1.2236452772507618, 1.149269015705795, 2.6914946607980257, 1.3259449345539907, 1.3933916751988362, 1.5229617348562896, 1.3385793358087539, 1.6294061700965359, 1.459246301382518, 1.3484955698822887, 1.0039713580190437, 1.3803171771602138], "val_accuracy": [0.8765624761581421, 0.817187488079071, 0.7796875238418579, 0.7984374761581421, 0.7265625, 0.7109375, 0.762499988079071, 0.8109375238418579, 0.770312488079071, 0.8062499761581421, 0.6875, 0.745312511920929, 0.7718750238418579, 0.768750011920929, 0.692187488079071, 0.7953125238418579, 0.800000011920929, 0.817187488079071, 0.8187500238418579, 0.792187511920929], "loss": [0.46266447656247395, 0.42049124173825697, 0.3860816412750103, 0.31814663780935293, 0.22932068913148354, 0.12992320119759904, 0.07693989531121835, 0.05439769976086784, 0.04406593460611982, 0.03763814606544568, 0.03483720487755664, 0.03212655024562596, 0.024972051876826242, 0.02691020698563772, 0.01853856944937155, 0.022838743575836682, 0.019026411528148816, 0.015157910360167927, 0.02068708315305572, 0.018551802889254704], "accuracy": [