{"val_loss": [0.4666313314312348, 0.48784697605784694, 0.6505186828294597, 0.48612677694258843, 0.5258390672255104], "val_accuracy": [0.7811027765274048, 0.7686339616775513, 0.7096148729324341, 0.7700194120407104, 0.7647547721862793], "loss": [0.46128446539906276, 0.41153481780341045, 0.38292744709491405, 0.33323240240872576, 0.25204410474769673], "accuracy": [