{"val_loss": [0.8070592398289591, 0.4121461966075003, 0.4271399575285614, 0.9604419779003365, 0.9450344962271628, 2.482651513461133, 1.1152087494338048, 1.8806940799259337, 2.2200253505667433, 1.20637306519493, 1.0654119004117093, 1.2235262155154487, 2.318860463565204, 2.8365762780912918, 2.9699658049211806, 1.971976944306698, 2.9217025015569504, 2.8867574953095683, 2.891630652112525, 3.5701211980424943, 3.7261368560773556, 3.40515956886279, 4.10091808006013, 4.052540912170331, 4.0433283079559885, 4.068953651620007, 4.273697376969726, 4.246355976234198, 4.452002385525829, 4.65228362996561], "val_accuracy": [0.7015625238418579, 0.871874988079071, 0.8734375238418579, 0.7578125, 0.78125, 0.651562511920929, 0.7734375, 0.714062511920929, 0.7093750238418579, 0.7749999761581421, 0.765625, 0.765625, 0.707812488079071, 0.7093750238418579, 0.706250011920929, 0.7250000238418579, 0.7015625238418579, 0.723437488079071, 0.731249988079071, 0.71875, 0.71875, 0.7328125238418579, 0.7171875238418579, 0.7203124761581421, 0.7250000238418579, 0.7250000238418579, 0.7250000238418579, 0.7250000238418579, 0.723437488079071, 0.71875], "loss": [230.3063933710379, 0.14239866864736095, 0.081809660494099, 0.07814364070415589, 0.06164191014339085, 0.0685897801939878, 0.041031619765298684, 0.029370851309804324, 0.03329323702870348, 0.0358893023132478, 0.05459568629032744, 0.04773019501286633, 0.023509182097701687, 0.010475855424608807, 0.01308463176639545, 0.08892104079596201, 0.023597754830883052, 0.0038148417659646665, 0.010356360141357887, 0.0010409542038733927, 0.0006591152201408086, 0.0005315982249113331, 0.0004320240500893735, 0.00031882586398489053, 0.0002576296501055551, 0.00022082134216746738, 0.00019183442688638493, 0.0001627667741201878, 0.00014554507177230434, 0.00012704184350444781], "accuracy": [