{"val_loss": [1.0864514797227458, 0.46039951387792827, 0.4101474180817604, 0.38257850650697944, 0.49505296545103195, 0.6056206638459116, 0.542708494886756, 0.44629877358675, 0.3496501125395298, 0.4271982340142131, 0.47789394911378624, 0.5602877739351243, 0.8791971490602009, 0.6170106332749128, 0.4440674046985805, 0.8757340088486671, 0.4873316409997642, 0.9147264870000071, 1.154587710557098, 0.8165665334585356, 0.8770304088946432, 0.9173002107592765, 1.043891564711521, 1.180927127052564, 1.3520000078442536, 1.4575609230669215, 0.8125475909560919, 1.711010103278022, 1.3457690278068184, 2.3717240389201377, 2.149961422010256, 1.6551925741947344, 1.0732239610428222, 1.7796829270311718, 2.3406973590407234, 1.7929132401099195, 2.1749250450666295, 2.514869247092503, 7.046055517938363, 3.3380241605155674, 1.918770658023277, 2.853576160564944, 3.417387618904172, 3.366650517953667, 3.486507994727083, 2.5404985994158777, 3.0192044480845652, 2.4814252959516123, 3.739437688623107, 4.042841252907832, 1.883226919680601, 3.1246718516892544, 3.4324968788952903, 3.15476030126666, 4.063064944421323, 3.688391501916544, 4.1750456041990684, 2.564541887009182, 4.904139890213412, 3.769639291967542, 3.8160815303946287, 2.9036788153701765, 2.794303147739265, 4.838843938352397, 4.145268846678502, 2.4821831963654404, 5.178737626350512, 3.4477187020021005, 5.138857407607954, 1.9072488021105527, 2.063350857019941, 2.095840508933179, 3.1098863193561557, 5.453298925085166, 5.149794085121542, 5.888373161001738, 4.8573249120119275, 4.863661308781593, 6.094205792657462, 6.969453902425154], "val_accuracy": [0.7250000238418579, 0.796875, 0.852343738079071, 0.878125011920929, 0.78125, 0.7835937738418579, 0.7437499761581421, 0.860156238079071, 0.8687499761581421, 0.8734375238418579, 0.8374999761581421, 0.8382812738418579, 0.7484375238418579, 0.78125, 0.8515625, 0.4703125059604645, 0.8726562261581421, 0.784375011920929, 0.762499988079071, 0.8500000238418579, 0.8296874761581421, 0.809374988079071, 0.828125, 0.7945312261581421, 0.823437511920929, 0.800000011920929, 0.8460937738418579, 0.792187511920929, 0.815625011920929, 0.758593738079071, 0.8031250238418579, 0.8109375238418579, 0.8460937738418579, 0.7953125238418579, 0.7734375, 0.832812488079071, 0.824999988079071, 0.784375011920929, 0.659375011920929, 0.765625, 0.80078125, 0.800000011920929, 0.780468761920929, 0.801562488079071, 0.81640625, 0.81640625, 0.839062511920929, 0.823437511920929, 0.78125, 0.801562488079071, 0.8140624761581421, 0.7906249761581421, 0.807812511920929, 0.796875, 0.796875, 0.8187500238418579, 0.8031250238418579, 0.7875000238418579, 0.792187511920929, 0.8414062261581421, 0.8296874761581421, 0.807812511920929, 0.778124988079071, 0.7875000238418579, 0.8140624761581421, 0.815625011920929, 0.796875, 0.8187500238418579, 0.78125, 0.77734375, 0.772656261920929, 0.7406250238418579, 0.80859375, 0.792187511920929, 0.811718761920929, 0.784375011920929, 0.809374988079071, 0.785937488079071, 0.796875, 0.8031250238418579], "loss": [16.874381986969503, 0.5900572992301474, 0.4512781149306517, 0.4178622589471751, 0.3980230308992008, 0.40615818773829376, 10.464107724483304, 0.4895026924198591, 0.4611669979375496, 0.4381140024230896, 0.43082959027008894, 0.40187259376161716, 0.3995696897238381, 0.4025052060209608, 0.40572269181885273, 0.4051966284234412, 0.47875409643170364, 0.36300267826500804, 0.34967577634343266, 0.3185814664234908, 0.31145773134284577, 0.3524862310856987, 0.31346065702248793, 0.2586963724063178, 0.240821860391154, 0.23812705956838157, 0.40363616488399506, 0.2461986865579125, 0.1951742680271461, 0.17345947656500163, 0.19060379098400293, 0.1558657836387521, 0.2852077742566764, 0.18894606210053635, 0.16008836752999817, 0.23609977957475395, 0.16651712503759614, 0.15397300866531524, 0.25942623061479675, 0.21340893271497918, 0.18193362976289834, 0.1326143415574081, 0.11098991126642739, 0.10744790649553139, 0.11523764136901914, 0.14190602238720082, 0.12690965913073646, 0.15014427661890706, 0.11345750696645365, 0.10150824804121236, 0.20655237657707742, 0.1318767001105664, 0.09541050397185266, 0.16459294013401335, 0.08976318226834, 0.0951712219407131, 0.08817390494909523, 0.17758142713195527, 0.10695613451569337, 0.08579057393599203, 0.08586441174419006, 0.25934486132317663, 0.12354840571314346, 0.0935077787154456, 0.09910524026100934, 0.10995620146079087, 0.08843969011443485, 0.11959057397581474, 0.08713770697749795, 0.21364307039769775, 0.3482302955801074, 0.14515029116374015, 0.17503360424769793, 0.08060831260215152, 0.0844040977588027, 0.08455834807763166, 0.10387058359068208, 0.082517419094013, 0.08431468113902492, 0.10174360614792036], "accuracy": [