{"val_loss": [0.4870990149761442, 0.4686436392356564, 0.46752562455009244, 0.5271017000297986, 0.5718714775686351, 0.7900277870155233, 1.1016695914621266, 0.8975996887561654, 1.7271727080423107, 1.613571803964185, 1.071234574473839, 1.1776422431641387, 1.6115990019333466, 1.5672950525632623, 1.5891478589513224, 1.0750186157279413, 1.520580437547383, 1.5294888743934092, 1.2679152921746397, 1.5544102963531867, 1.196295323646706, 1.2794222021142543, 2.83792737848906, 1.4171127534930017, 1.4835700515763983], "val_accuracy": [0.7697423100471497, 0.7780548334121704, 0.7883070111274719, 0.7716819047927856, 0.7334441542625427, 0.7040731310844421, 0.7303962111473083, 0.753948450088501, 0.71958988904953, 0.7223607897758484, 0.7628151774406433, 0.7619839310646057, 0.7364920973777771, 0.6766417026519775, 0.7545026540756226, 0.7653089761734009, 0.7453588247299194, 0.7509005069732666, 0.7533943057060242, 0.7506234645843506, 0.7436963319778442, 0.7561651468276978, 0.7303962111473083, 0.7301191687583923, 0.7567192912101746], "val_sensitivity": [0.47353458404541016, 0.4910373389720917, 0.7421579957008362, 0.6889787316322327, 0.6280755400657654, 0.3895506262779236, 0.23652474582195282, 0.4173077642917633, 0.11936473101377487, 0.29110467433929443, 0.5230351686477661, 0.45843449234962463, 0.3878946304321289, 0.7061988115310669, 0.5069568753242493, 0.6257514357566833, 0.403112530708313, 0.3709842264652252, 0.4777335524559021, 0.4388165771961212, 0.5429658889770508, 0.5898330807685852, 0.18918485939502716, 0.7249106168746948, 0.48737382888793945], "val_specificity": [0.9133066534996033, 0.9149001240730286, 0.8311343789100647, 0.8290733695030212, 0.7958618998527527, 0.8584940433502197, 0.9578339457511902, 0.9125845432281494, 0.9881400465965271, 0.9222388863563538, 0.88887619972229, 0.9036709070205688, 0.902803361415863, 0.6803878545761108, 0.8817910552024841, 0.848019003868103, 0.9089874029159546, 0.929166853427887, 0.882057785987854, 0.9089711308479309, 0.8481206893920898, 0.8526561856269836, 0.9756138324737549, 0.7589484453201294, 0.8957029581069946], "loss": [0.4696708639922265, 0.41654648590008597, 0.3822284373492893, 0.3196103770762834, 0.2271903991752447, 0.13302275713180067, 0.07891110608800113, 0.05408763523058297, 0.04717307523110454, 0.03984516265387329, 0.03674230455156663, 0.02903304426015009, 0.028056255348559954, 0.023400189329484254, 0.02389364628208986, 0.023487991633859534, 0.024134556232857114, 0.013898184895747383, 0.018579184513689083, 0.024423503406885254, 0.0138405003233753, 0.015266302014751142, 0.011764601966223465, 0.01352039954421363, 0.015651150162963718], "accuracy": [