{"val_loss": [0.5366384444490434, 0.8135059961951582, 0.5583401146226393, 0.6171086404950509, 0.7453925785974771, 0.8054377883714003, 0.9826986861711197, 0.9594278770260746, 1.1059034145515887, 1.2276787920056305, 6.3577191954539005, 1.121200929886418, 1.25151513137458, 2.854798754188419, 1.047726262768539, 1.5509667647581875, 1.8750104413002142, 1.1701612214561181, 1.3332071542145307, 1.203398925308773], "val_accuracy": [0.7594901919364929, 0.6963147521018982, 0.7190357446670532, 0.7240232825279236, 0.7248545289039612, 0.7550567984580994, 0.7736214995384216, 0.7644776701927185, 0.7664172649383545, 0.7777777910232544, 0.6963147521018982, 0.7423108816146851, 0.7636464238166809, 0.7079523205757141, 0.7672485709190369, 0.7675256133079529, 0.7400941848754883, 0.7542255520820618, 0.7647547721862793, 0.746190071105957], "loss": [0.45757272248896, 0.4059214424035625, 0.3526070125393219, 0.25894621091776016, 0.15094214819599755, 0.0849862654575898, 0.05793244351873281, 0.04604522381137324, 0.04042941307968042, 0.03334227722905502, 0.030419831963852756, 0.029820060048994214, 0.023819741920584166, 0.02310234816416434, 0.021258814930513466, 0.020748911409339356, 0.017576182963989172, 0.01654808924596248, 0.015826488010786535, 0.011577846687261138], "accuracy": [