{"val_loss": [0.5366384444490434, 0.8135059961951582, 0.5583401146226393, 0.6171086404950509, 0.7453925785974771, 0.8054377883714003, 0.9826986861711197, 0.9594278770260746, 1.1059034145515887, 1.2276787920056305], "val_accuracy": [0.7594901919364929, 0.6963147521018982, 0.7190357446670532, 0.7240232825279236, 0.7248545289039612, 0.7550567984580994, 0.7736214995384216, 0.7644776701927185, 0.7664172649383545, 0.7777777910232544], "loss": [0.45757272248896, 0.4059214424035625, 0.3526070125393219, 0.25894621091776016, 0.15094214819599755, 0.0849862654575898, 0.05793244351873281, 0.04604522381137324, 0.04042941307968042, 0.03334227722905502], "accuracy": [