{"val_loss": [19.08470649964092, 21.91299824494414, 21.70261558094835, 14.81336018578666, 23.063216255630653, 44.271985593712714, 42.19737946262332, 51.75773888224253, 21.11683188151583, 30.85441367934696, 33.717587948855034, 39.39513171964342, 68.93343100956687, 40.447905137203634, 42.342398640699685, 41.60942322565243, 21.330665206585106, 29.54804326146853, 61.489077501371504, 68.049248705805, 32.94128686785698, 20.809789477207413, 67.68846627914718, 34.206648265520926, 30.505531740261013, 28.514536642305092, 29.403467391450345, 31.29304329204036, 29.503315856301008, 32.95886270138071, 31.65451287875186, 31.65554188247189, 31.66479582809844, 31.670127376233005, 31.676223892334395, 31.682089828699837, 31.688428190210846, 31.694940498049267, 31.701447997405204, 31.708666838839427, 31.714727073785628, 31.724115841940524, 31.731785363308166, 31.739340659062158, 31.748290246131376], "val_accuracy": [0.671875, 0.7320312261581421, 0.7265625, 0.817187488079071, 0.7445312738418579, 0.6820312738418579, 0.762499988079071, 0.6976562738418579, 0.8062499761581421, 0.73046875, 0.7085937261581421, 0.692187488079071, 0.6742187738418579, 0.731249988079071, 0.7281249761581421, 0.727343738079071, 0.832812488079071, 0.780468761920929, 0.6625000238418579, 0.6703125238418579, 0.7265625, 0.788281261920929, 0.856249988079071, 0.74609375, 0.762499988079071, 0.774218738079071, 0.7632812261581421, 0.75390625, 0.762499988079071, 0.7437499761581421, 0.7484375238418579, 0.7484375238418579, 0.7484375238418579, 0.7484375238418579, 0.7484375238418579, 0.7484375238418579, 0.7484375238418579, 0.7484375238418579, 0.7484375238418579, 0.7484375238418579, 0.7484375238418579, 0.7484375238418579, 0.7484375238418579, 0.7484375238418579, 0.7484375238418579], "loss": [338.7481247249996, 2.5507806415457046, 1.3109922629199733, 0.9602181158220201, 0.8454079815312987, 0.6855511523150459, 3.945784274796197, 1.1071321814637618, 0.7930467606570841, 0.1602139082606517, 0.07331469082222493, 0.005838510064962224, 0.5132887084774853, 0.38165174746266145, 0.08347560058349238, 0.05569793396494004, 0.08674124368950849, 0.07422434788636958, 0.025350173904522457, 0.20900789750673984, 0.3407047456685916, 0.022857951564017653, 7.970116078520363, 1.9168846556923207, 0.12107224063717492, 0.025904532780118682, 0.01871448835707141, 0.0010488010410610311, 8.344523677793684e-05, 0.012132215690393435, 4.45595482111992e-08, 4.32869985243753e-08, 4.1941673171097166e-08, 4.063664369571916e-08, 3.9287027221503085e-08, 3.790816412425296e-08, 3.658954381156553e-08, 3.522703510525022e-08, 3.38497708464201e-08, 3.245017016239933e-08, 3.107087039051108e-08, 2.9700590990904667e-08, 2.8433090112146414e-08, 2.7166010448155464e-08, 2.5863688104580007e-08], "accuracy": [