{"val_loss": [24.461970133656514, 12.356116035156216, 18.699051041082303, 13.355296741396534, 10.07490356273472, 18.609365455922806, 17.837898131671757, 18.71733939289034, 20.279540864359262, 21.368181905068422, 22.84085077348162, 11.175693885023142, 19.45981842696451, 18.294492941986263, 12.195644840740481, 16.457990954444664, 22.712311027025272, 10.161601561132581, 42.931030216813085, 22.216974736110547, 41.137575172421194, 26.659129799375215, 28.259870912131095, 26.683952616971403, 23.35445992950001, 30.3998657733203, 21.749452349820892, 36.58436138035313, 43.799542519378335, 7.546114923656569, 6.910514508948836, 6.244072895646241, 6.255327175377533, 6.988288183806025, 7.270274668603321, 7.308158988435923, 7.162716373743024, 7.324953303963548, 6.73852820982429, 6.725839155794529, 6.85310262780622, 6.717909969344328, 6.97564035950054, 7.147864111540002, 7.273761027386354, 7.317638931096735, 7.438802197100358, 7.257359922551586, 7.527833722325272, 7.454171514956431, 7.823673244831769, 7.887115629626689, 7.921351890885687, 8.187077212923928, 6.753363502599541, 4.9492296635580715, 4.163671561470255, 3.3766483276791406, 4.231522569849767, 3.8015490564343053, 4.116320846110466, 4.400911886125686, 4.490504617208353, 4.656421854263317, 4.810576498166483, 4.989082211314235, 4.029912860627519, 4.899463755349279, 5.863205680331157, 1.423398534092121, 4.779745945078321, 0.7432479903101921, 0.7033381640911103, 0.6649157330393791, 0.6730953127145767, 0.6806566894054413, 0.6911059692502022, 0.6711781561374665, 0.7314807191491127, 0.7206598997116089, 0.6856392204761506, 0.7026752695441246, 0.7237025931477546, 0.7444245897233486, 0.7057891815900803, 0.7266030125319958, 0.6831824243068695, 0.7354314558207988, 0.6882160112261773, 0.6889834702014923, 0.6650586754083634, 0.6898861736059189, 0.6634256601333618, 0.6712413191795349, 0.7544517681002617, 0.6816673010587693, 0.6642391309142113, 0.7004685431718827, 0.6957103163003922, 0.6824931785464287, 0.6944651946425437, 0.7111854434013367, 0.7559261083602905, 0.673530662059784, 0.6645743995904922, 0.6918489962816239, 0.6668829143047332, 0.8212623111903667, 0.6683253377676011, 0.7367437101900578], "val_accuracy": [0.6695312261581421, 0.729687511920929, 0.6898437738418579, 0.717968761920929, 0.764843761920929, 0.7203124761581421, 0.73046875, 0.72265625, 0.719531238079071, 0.7054687738418579, 0.66796875, 0.7593749761581421, 0.737500011920929, 0.754687488079071, 0.770312488079071, 0.715624988079071, 0.699999988079071, 0.8179687261581421, 0.688281238079071, 0.754687488079071, 0.680468738079071, 0.731249988079071, 0.6968749761581421, 0.7085937261581421, 0.729687511920929, 0.6976562738418579, 0.7523437738418579, 0.690625011920929, 0.668749988079071, 0.7171875238418579, 0.7132812738418579, 0.7421875, 0.723437488079071, 0.7210937738418579, 0.7164062261581421, 0.7109375, 0.73046875, 0.731249988079071, 0.725781261920929, 0.731249988079071, 0.7289062738418579, 0.7320312261581421, 0.733593761920929, 0.733593761920929, 0.719531238079071, 0.72265625, 0.7242187261581421, 0.73046875, 0.7281249761581421, 0.731249988079071, 0.7242187261581421, 0.7281249761581421, 0.727343738079071, 0.7210937738418579, 0.7718750238418579, 0.690625011920929, 0.733593761920929, 0.7320312261581421, 0.711718738079071, 0.717968761920929, 0.729687511920929, 0.7250000238418579, 0.7250000238418579, 0.7250000238418579, 0.7250000238418579, 0.723437488079071, 0.770312488079071, 0.7406250238418579, 0.6875, 0.731249988079071, 0.7242187261581421, 0.621874988079071, 0.621874988079071, 0.621874988079071, 0.621874988079071, 0.621874988079071, 0.621874988079071, 0.621874988079071, 0.621874988079071, 0.621874988079071, 0.621874988079071, 0.621874988079071, 0.621874988079071, 0.621874988079071, 0.621874988079071, 0.621874988079071, 0.621874988079071, 0.621874988079071, 0.621874988079071, 0.621874988079071, 0.621874988079071, 0.621874988079071, 0.621874988079071, 0.621874988079071, 0.621874988079071, 0.621874988079071, 0.621874988079071, 0.621874988079071, 0.621874988079071, 0.621874988079071, 0.621874988079071, 0.621874988079071, 0.621874988079071, 0.621874988079071, 0.621874988079071, 0.621874988079071, 0.621874988079071, 0.621874988079071, 0.621874988079071, 0.621874988079071], "loss": [102.98610912484027, 1.3094323510066197, 1.6223561188178788, 1.2026731693247372, 0.4753912321377683, 0.20579429865541043, 0.24048907860290697, 0.21159919443754346, 0.12027821853044386, 0.19568395020367652, 0.4230425193209018, 0.2465232807908167, 0.16520225509286682, 0.14362060725407463, 0.07386708744758388, 0.07170482617964567, 0.044055854377926355, 0.04083744269213575, 1.433251508971251, 0.4562216326027118, 0.11281312132845499, 0.024487464414774625, 0.026671477695805614, 0.018581203098456702, 0.0001554426072561513, 0.009070658815127256, 0.048692349936717526, 0.0819398785645504, 0.13703069176895746, 10.220376765487392, 0.036964984780121765, 0.02229937196266766, 0.013100251382069685, 0.008249499136492741, 0.0043220099612859, 0.0038225936593720066, 0.003358819700119938, 0.001805307705773572, 0.001530469605182781, 0.002616030610118036, 0.002101633007193408, 0.0017507138169892528, 0.001619189432830649, 0.0015040365614245302, 0.0014696965218987327, 0.0014290372506215545, 0.0013760401662241111, 0.0013837570331677693, 0.0013166928489346768, 0.001308105722733075, 0.0012552056704284052, 0.0012154036063649865, 0.0011723016368637863, 0.0011095044677547753, 0.001165614216207754, 0.07241956345773341, 0.07978780994048668, 0.04470733359443207, 0.0067252901901346, 0.018006218921477544, 0.00334537029194937, 0.002117398078107001, 0.0018340436089730342, 0.0017806968668763572, 0.0017295550550794818, 0.0016954228490165383, 0.020896271572645078, 0.017583119760994498, 0.017653494077538957, 0.03703859081313991, 0.1462953590466021, 0.9248916100555051, 0.5923925100660031, 0.5851026795393118, 0.5870164775409581, 0.5908597417038642, 0.5789606602279687, 0.5830895769084158, 0.5852205537579542, 0.578552826964782, 0.578829847961847, 0.5950040990955259, 0.5791612508838162, 0.5812435130034488, 0.5778431694931779, 0.585986832351041, 0.5793385690340966, 0.5819512777533268, 0.5800902783139351, 0.5793301432044959, 0.5856315798920356, 0.5822061971287055, 0.5868528150707666, 0.5864123418652938, 0.5816616470828379, 0.5876792908811862, 0.5836222740404445, 0.5881368843324345, 0.5864759597675931, 0.5957135779360321, 0.5987146290167709, 0.5808663647964688, 0.5810375897430935, 0.5823882926095483, 0.5943109223082021, 0.5757442681701637, 0.5837053549618809, 0.5816455797915079, 0.5883095811115452, 0.5874734491658357], "accuracy": [