{"val_loss": [1.2472348243711167, 2.55489844182013, 7.485198899574057, 1.6345665133647345, 2.308109461906733], "val_accuracy": [0.8046875, 0.737500011920929, 0.6421874761581421, 0.815625011920929, 0.7953125238418579], "loss": [216.07351086203985, 0.22294776966299668, 0.5423773387083816, 0.2954166712425325, 0.285765923132235], "accuracy": [