{"val_loss": [0.7052795546442625, 0.44854305014447776, 0.5193926155913996, 0.6246782742104197, 0.6096805199984865, 0.8927088655174258, 0.6762621401749546, 0.7911822188260582, 1.0923365203585773, 0.9868802061104714, 0.9273179000056196, 1.0458517272771644, 0.9997214526144479, 1.2404164460003293, 1.4430548872568496, 1.1663745882505194, 3.042995577342096, 1.179567346681218, 0.9985115044200873, 1.6001572500770855, 1.2028320520728142, 2.3365469379218933, 1.5548192076684366, 1.416648132248115, 1.460809788237519, 1.6864631239414611, 1.3400230469483025, 1.6797144959329007, 1.6666095835510533, 1.084327444174046, 1.3960771513104142, 2.4702223180304212, 1.2492791593619812, 1.2217895285050668, 1.5111432330500687, 1.6875689826073756, 1.9237550322981085, 1.8324702336339616, 1.9084288406715595, 1.514545276311006, 1.3905274686670661, 5.078089673752334, 2.240760471738914, 1.9479763159034456, 2.235495421918815, 1.4718160863463057, 2.6322875120329967, 1.7102413693436231, 1.477854417017141, 2.0622996649738163, 1.9546716959729489, 2.190404500912418, 1.7244505695967702, 2.1887768243085186, 1.550528382785963, 1.873601029737731, 3.289960846408116, 1.8670718643466466, 3.9092462258710197, 2.7631087843550644, 1.2419379642050032, 1.740859149796509, 1.7195330028158702, 1.6848536658795727, 1.942277431488037, 1.732555935342545, 1.4342532614718253, 1.7244328704690233, 1.5649262264052994, 2.472770822513926, 1.6262857728336089, 2.735484228533171, 5.899719472141536, 1.5498468221538646, 1.5660873799814217, 2.5797297756372646, 5.18758819241311, 1.935274800457562, 2.0880468088888864, 1.6687963470655585, 2.515449606239317, 1.3757860090766265, 8.485082397767465, 2.316357698193479, 1.8392544972595992, 1.5779908338257664, 1.3782376570528516, 1.641020903563559, 2.0994641143022466, 1.8176314411284884, 2.4809985044888427, 1.8355800169727814, 1.859146356450517, 1.9610428224147671, 1.8657490485062656, 1.4836976035013196, 4.220900190606544, 1.6495709265325498, 4.680826226242628, 2.0506797094495717], "val_accuracy": [0.6977002024650574, 0.7841507196426392, 0.7628151774406433, 0.7143253087997437, 0.7348296046257019, 0.7001939415931702, 0.7547796964645386, 0.7015793919563293, 0.7622610330581665, 0.7517317533493042, 0.7658631205558777, 0.7597672343254089, 0.752008855342865, 0.7639235258102417, 0.7636464238166809, 0.7633693814277649, 0.54945969581604, 0.7630922794342041, 0.7545026540756226, 0.7533943057060242, 0.7794402837753296, 0.6924355626106262, 0.7525630593299866, 0.7583818435668945, 0.7561651468276978, 0.7556109428405762, 0.7653089761734009, 0.7689110636711121, 0.7697423100471497, 0.7179273962974548, 0.7672485709190369, 0.7201440930366516, 0.7162649035453796, 0.7412025332450867, 0.7642006278038025, 0.755888044834137, 0.7511776089668274, 0.7655860185623169, 0.7686339616775513, 0.753948450088501, 0.7664172649383545, 0.5699639916419983, 0.7594901919364929, 0.723469078540802, 0.7683568596839905, 0.7642006278038025, 0.7467442750930786, 0.7691881656646729, 0.7633693814277649, 0.7506234645843506, 0.7769465446472168, 0.7658631205558777, 0.7628151774406433, 0.7666943669319153, 0.7780548334121704, 0.7617068290710449, 0.753948450088501, 0.7714048027992249, 0.7556109428405762, 0.7267941236495972, 0.7630922794342041, 0.7705735564231873, 0.7647547721862793, 0.7730673551559448, 0.7714048027992249, 0.7725131511688232, 0.7725131511688232, 0.7680798172950745, 0.7752839922904968, 0.7666943669319153, 0.7583818435668945, 0.7608755826950073, 0.48046550154685974, 0.7725131511688232, 0.7550567984580994, 0.7556109428405762, 0.5688556432723999, 0.77472984790802, 0.7630922794342041, 0.7655860185623169, 0.7644776701927185, 0.7680798172950745, 0.589914083480835, 0.7622610330581665, 0.7722360491752625, 0.7691881656646729, 0.7678027153015137, 0.7619839310646057, 0.7788861393928528, 0.7733443975448608, 0.7705735564231873, 0.7691881656646729, 0.7719590067863464, 0.7725131511688232, 0.77472984790802, 0.7561651468276978, 0.7303962111473083, 0.7686339616775513, 0.7484067678451538, 0.7761152386665344], "loss": [0.492607652287534, 0.4273782036090386, 0.4023606775392414, 0.3568442518479676, 0.28660733762975027, 0.19550365669086237, 0.12667621930539993, 0.08370720875854598, 0.06747430026812962, 0.05616412766079561, 0.05091031110492926, 0.04183232187087956, 0.03720099596609991, 0.03716671444110739, 0.033193229545301746, 0.029171076443864487, 0.02903799848436609, 0.02732165128559557, 0.02471173050927634, 0.023568102729153693, 0.022803031407836138, 0.02087463871533662, 0.02346088017383685, 0.02021681030527585, 0.01924146382390035, 0.020429527224782158, 0.01838819873082568, 0.015619153058511102, 0.01728737141074768, 0.01680348610052713, 0.018323343990782833, 0.014250779933055284, 0.012458230680103799, 0.014576764759079016, 0.013833497806286364, 0.014982091365606147, 0.014636699775928477, 0.012437552063665884, 0.014879633850135195, 0.01264420240266223, 0.011143908306162173, 0.01141310065871322, 0.012945289378401571, 0.009546691201980068, 0.012607210824512109, 0.01130799778208196, 0.011704980987347591, 0.009165189583327633, 0.009967547406988221, 0.0116477168274111, 0.007791683392167217, 0.008217937627416702, 0.0123221706304598, 0.011308094284114924, 0.00833008781996904, 0.00981024478677758, 0.00807502161377575, 0.007672433854395688, 0.009123651034098231, 0.011298561129724981, 0.008193318335326605, 0.0073211647216519515, 0.007346205145602515, 0.008775405365926345, 0.009389836684883144, 0.0076177146710253, 0.00723793181110028, 0.004650253379233251, 0.006657236203080051, 0.007939455828439928, 0.006921807883818075, 0.007676285574755313, 0.007299407017079252, 0.004739731707570461, 0.004956139266192495, 0.004842194630461152, 0.0047708959033109285, 0.009463762105145554, 0.003520274103069295, 0.0047113684877582015, 0.007507443146814373, 0.006863217620918157, 0.0055176617668543, 0.0052982547046290405, 0.005225663300525776, 0.0037563431574516373, 0.0034960298671697383, 0.005018334278557894, 0.007924967288750986, 0.0044885468118466285, 0.0051503474396640435, 0.005895232785981239, 0.004571229256378797, 0.008988424807948096, 0.003955029774364811, 0.004712817027223574, 0.004294476376128011, 0.005249412459571832, 0.004321177229409049, 0.0031908441558373534], "accuracy": [