{"val_loss": [3.728398919865245, 1.024803632859478, 0.5065847197772063, 0.48525975283310663, 0.5283513368662456, 0.5262155723178708, 0.49514413619840797, 0.47692721348847333, 0.5038199772230969, 0.6093255357750237, 0.6770581115015526, 0.6139890671965488, 0.6593707951524311, 0.6161963908947812, 0.6167836482090843], "val_accuracy": [0.7137711048126221, 0.6065391898155212, 0.7733443975448608, 0.7617068290710449, 0.7564422488212585, 0.7581047415733337, 0.7711277604103088, 0.7750069499015808, 0.7689110636711121, 0.7586588859558105, 0.6963147521018982, 0.6963147521018982, 0.6963147521018982, 0.6963147521018982, 0.6963147521018982], "loss": [53.55932603785724, 1.221407413310133, 0.5956176365252206, 0.6207572990078464, 0.38391679303285015, 0.36910365503645004, 0.41141443141298045, 0.42011059871585954, 0.404313396473651, 0.34474053112584074, 0.6297032334258743, 0.6866576717082977, 0.6825774325491606, 0.687059354486963, 0.6847333188801995], "accuracy": [