{"val_loss": [0.31326529532670977, 0.3062521547079086, 0.5207793792709708, 0.5612424881197512, 0.3832315277308226, 0.5245875815860928, 0.7584984809160232, 0.6800614476203919, 0.8003409445285797, 0.674518147110939, 0.9076900392770767, 0.9212343901395798, 1.0441276080906392, 0.9077129453420639, 0.8441321969032287], "val_accuracy": [0.87890625, 0.8929687738418579, 0.7640625238418579, 0.774218738079071, 0.8609374761581421, 0.8070312738418579, 0.37812501192092896, 0.621874988079071, 0.37812501192092896, 0.621874988079071, 0.37812501192092896, 0.37812501192092896, 0.37812501192092896, 0.37812501192092896, 0.37812501192092896], "loss": [21.331945907916406, 0.45649134944928366, 0.41034544887026914, 0.39506280518824605, 0.3970421814066398, 0.39504319339762745, 0.6646652750222526, 0.6745883789345161, 0.676337307443859, 0.6799205534967986, 0.6802089397159841, 0.678850944666858, 0.679300854070069, 0.6800125500346146, 0.6797846011880309], "accuracy": [