{"val_loss": [0.5366384444490434, 0.8135059961951582, 0.5583401146226393, 0.6171086404950509, 0.7453925785974771, 0.8054377883714003, 0.9826986861711197, 0.9594278770260746, 1.1059034145515887, 1.2276787920056305, 6.3577191954539005, 1.121200929886418, 1.25151513137458, 2.854798754188419, 1.047726262768539, 1.5509667647581875, 1.8750104413002142, 1.1701612214561181, 1.3332071542145307, 1.203398925308773, 2.0053764330974144, 0.96511910856183, 1.9701590005563347, 1.579066750150402, 1.7065204730090688, 1.5140704994354925, 1.3590653746965091, 1.598915611022924, 1.2263167159449662, 2.2599979749707577, 1.200118763191147, 1.5256395139797272, 1.5331677587516555, 1.3989480773839107, 1.5585475655664331, 1.4825174141108544, 1.8112179995673157, 1.3098148543374233, 1.7171431699926154, 1.3557413816782338, 1.813324075948832, 1.8153033103266394, 1.6468350605873494, 1.801313820226135, 2.135659731864665, 1.6956349288568366, 1.8801496596668865, 1.7098849461857517, 1.7867178803469277, 1.723730803460882, 1.6662774244547882, 1.7110250912303242, 1.8175374382782195, 1.9162595668437574, 3.8056305917782463, 1.9178605083284301, 1.6576472647998035, 1.7456567284141957, 3.3560510882052332, 1.9977408136050434, 1.524323860275742, 1.7052172455770482, 3.3624230121131022, 1.8166563074223452, 2.008237974304808, 1.7549952803374196, 1.872866284388127, 1.8924039365446577, 1.4274598259069016, 2.0753055734131007, 2.0380276350738535, 2.3263369047863063, 2.061641868378324, 2.068340620462106, 1.9164183397980468, 1.7191839692466442, 1.5558063739156682, 1.571012730081843, 2.0457962756343218, 2.499488373217605, 1.894871707635099, 2.0526089711214373, 1.782083625111695, 2.7042737846131404, 2.101460203301315, 3.3955535023256695, 2.3627632887087953, 2.117499848140776, 1.9431448412522876, 2.262281470167964], "val_accuracy": [0.7594901919364929, 0.6963147521018982, 0.7190357446670532, 0.7240232825279236, 0.7248545289039612, 0.7550567984580994, 0.7736214995384216, 0.7644776701927185, 0.7664172649383545, 0.7777777910232544, 0.6963147521018982, 0.7423108816146851, 0.7636464238166809, 0.7079523205757141, 0.7672485709190369, 0.7675256133079529, 0.7400941848754883, 0.7542255520820618, 0.7647547721862793, 0.746190071105957, 0.7470213174819946, 0.7514547109603882, 0.7594901919364929, 0.7423108816146851, 0.7569963932037354, 0.7617068290710449, 0.750069260597229, 0.7600443363189697, 0.7675256133079529, 0.7547796964645386, 0.752008855342865, 0.7714048027992249, 0.7536713480949402, 0.7450817227363586, 0.7608755826950073, 0.7625380754470825, 0.7464671730995178, 0.7484067678451538, 0.7550567984580994, 0.7531172037124634, 0.7653089761734009, 0.757827639579773, 0.7506234645843506, 0.7630922794342041, 0.7700194120407104, 0.7564422488212585, 0.770850658416748, 0.7755610942840576, 0.7642006278038025, 0.7658631205558777, 0.7622610330581665, 0.7617068290710449, 0.7744527459144592, 0.7633693814277649, 0.7370463013648987, 0.7569963932037354, 0.7658631205558777, 0.7686339616775513, 0.7467442750930786, 0.7702964544296265, 0.748129665851593, 0.7190357446670532, 0.7389858961105347, 0.7589359879493713, 0.7669714689254761, 0.7647547721862793, 0.7680798172950745, 0.7611526846885681, 0.7719590067863464, 0.7581047415733337, 0.7669714689254761, 0.7642006278038025, 0.7636464238166809, 0.7356608510017395, 0.7700194120407104, 0.7647547721862793, 0.7647547721862793, 0.7456359267234802, 0.7678027153015137, 0.7666943669319153, 0.7644776701927185, 0.7722360491752625, 0.7689110636711121, 0.7741756439208984, 0.7716819047927856, 0.7331671118736267, 0.7600443363189697, 0.7683568596839905, 0.7647547721862793, 0.7675256133079529], "loss": [0.45757272248896, 0.4059214424035625, 0.3526070125393219, 0.25894621091776016, 0.15094214819599755, 0.0849862654575898, 0.05793244351873281, 0.04604522381137324, 0.04042941307968042, 0.03334227722905502, 0.030419831963852756, 0.029820060048994214, 0.023819741920584166, 0.02310234816416434, 0.021258814930513466, 0.020748911409339356, 0.017576182963989172, 0.01654808924596248, 0.015826488010786535, 0.011577846687261138, 0.019095778487215824, 0.012581303263184953, 0.013745906156923655, 0.01126699267503144, 0.014268099467219264, 0.014669274948439913, 0.012745946107644743, 0.0066871892340942644, 0.013479198095743876, 0.011745452292453664, 0.007721557435521595, 0.006935395404838456, 0.010852571091371365, 0.008735580038242602, 0.008753886942380855, 0.008611902743782403, 0.00843408116407986, 0.009586706422868001, 0.008118102235505109, 0.010912800445998754, 0.005628949633924004, 0.00785802884043755, 0.005970496846181578, 0.005179736631998743, 0.009143965007170409, 0.007680621410603722, 0.0072497293844844875, 0.005325506952948302, 0.0072365539033864435, 0.005501054877041675, 0.005693077438428677, 0.007083282967907734, 0.006362895084422519, 0.00361779455672033, 0.009420696832944022, 0.005954096304323741, 0.004387694004467096, 0.004883165925258372, 0.004215141995714388, 0.005213507345834723, 0.008392794782584671, 0.004396672255208955, 0.00402454214038539, 0.004085725722300494, 0.003742182229511441, 0.0068033398085472615, 0.002880459155727475, 0.004048428166144876, 0.0041865000967647725, 0.0033023859317520663, 0.004504424880603937, 0.0038578198788474655, 0.004099344587904858, 0.0014791093566275419, 0.004779678650896964, 0.003591723358945765, 0.004622190822513333, 0.0029984434229222297, 0.0029065727166672824, 0.003595293523020765, 0.005491031119521084, 0.0050391893201209795, 0.004303672112647663, 0.0026685653663999667, 0.0035927520011809658, 0.0015775499979979973, 0.004721740574004993, 0.0018543234864929774, 0.0014537851576311492, 0.003502016086549133], "accuracy": [