{"val_loss": [0.8070592398289591, 0.4121461966075003, 0.4271399575285614, 0.9604419779003365, 0.9450344962271628], "val_accuracy": [0.7015625238418579, 0.871874988079071, 0.8734375238418579, 0.7578125, 0.78125], "loss": [230.3063933710379, 0.14239866864736095, 0.081809660494099, 0.07814364070415589, 0.06164191014339085], "accuracy": [