{"val_loss": [0.43593437746167185, 0.5561021351255476, 0.34581786915659907, 0.45020435713231566, 0.6094662101939321], "val_accuracy": [0.8203125, 0.8500000238418579, 0.8734375238418579, 0.882031261920929, 0.864062488079071], "loss": [25.5906282921756, 0.4897467320433818, 0.4686273359887114, 5.722073076302279, 0.4533527050246888], "accuracy": [