{"val_loss": [1.0864514797227458, 0.46039951387792827, 0.4101474180817604, 0.38257850650697944, 0.49505296545103195], "val_accuracy": [0.7250000238418579, 0.796875, 0.852343738079071, 0.878125011920929, 0.78125], "loss": [16.874381986969503, 0.5900572992301474, 0.4512781149306517, 0.4178622589471751, 0.3980230308992008], "accuracy": [