{"val_loss": [0.7757737438049168, 0.47424502270675556, 0.47105901526691313, 0.48210196280023604, 0.49549137360173007, 0.5200031595105905, 0.5223363150715267, 0.623791726780387, 0.470007099638556, 0.5181262569435418, 0.5029978206462231, 0.6157602621234662, 0.6365879438167201, 0.661526801745361, 0.6375332649608304, 0.6287263484667067, 0.6140443757651222, 0.6179074959168311, 0.6165627054013384, 0.653963467806586, 0.6558672396156986, 0.6170614919493357, 0.7380412634669595, 0.6141087164935659, 0.6147300890358111, 0.6636872648135814, 0.6346413816861348, 0.6153687339107823, 0.6531287748154989, 0.621056301288573, 0.6154327838002694, 0.6228974464032815, 0.8161903489953958, 0.7709178418193573, 0.625717003363987], "val_accuracy": [0.721390962600708, 0.7723746299743652, 0.7798559069633484, 0.7781934142112732, 0.7643391489982605, 0.7545026540756226, 0.7569963932037354, 0.6960377097129822, 0.7808257341384888, 0.7547796964645386, 0.7799944877624512, 0.6963147521018982, 0.6963147521018982, 0.6963147521018982, 0.6963147521018982, 0.6963147521018982, 0.6963147521018982, 0.6963147521018982, 0.6963147521018982, 0.6963147521018982, 0.6963147521018982, 0.6963147521018982, 0.3036852180957794, 0.6963147521018982, 0.6963147521018982, 0.6963147521018982, 0.6963147521018982, 0.6963147521018982, 0.6963147521018982, 0.6963147521018982, 0.6963147521018982, 0.6963147521018982, 0.3036852180957794, 0.3036852180957794, 0.6963147521018982], "loss": [25.275157610328794, 0.4994044604835644, 0.4408117672151449, 0.4078418020820459, 0.3965195236226171, 0.3840873415756308, 0.373846013561261, 0.8325307558834931, 0.5624186157622257, 0.5400899050949668, 0.4086675713815118, 0.62573253330195, 0.6814230562776168, 0.6858441394751402, 0.6883585898535676, 0.6850425810651503, 0.6863472211821264, 0.6879157791651918, 0.6856054701248311, 0.6864421474468887, 0.6868199480609984, 0.6818667466603616, 0.6869867798208258, 0.6878808193322201, 0.6856265910712708, 0.6856084365434172, 0.6887969296576318, 0.6871514734305896, 0.6853671118882282, 0.6878482695686602, 0.6838800999678774, 0.6854560420659549, 0.685791160167273, 0.6876114692830126, 0.6831496241623203], "accuracy": [