{"val_loss": [0.5793431587982922, 0.3481044268235564, 0.5605170037597418, 0.8242732502985746, 0.3208589095622301, 0.43596914783120155], "val_accuracy": [0.776562511920929, 0.860156238079071, 0.7523437738418579, 0.6656249761581421, 0.8765624761581421, 0.8648437261581421], "loss": [23.822279069886008, 0.4890277669659029, 0.40701196120154143, 0.3931101443310595, 0.3747371836335961, 0.35553460514606317], "accuracy": [