{"val_loss": [8.09919131931619, 11.398545184438573, 3.354846144339535, 2.151875465843477, 2.570238150260411, 0.9174422480165958, 3.4747426181336776, 1.9934374546108302, 6.084586932071465, 0.6801978735253215, 5.85198399625134, 2.5025888169713655, 2.313582686920199, 0.8145059557980858, 0.5421851292252541, 1.0159782322472892, 1.1340793420211412, 1.4229244913920411, 1.6808543892100716, 6.96243784638574, 5.782230447958431, 5.928065447391994, 2.452757241308575, 6.739723631640071, 5.435673599298724, 2.5194100081826036, 1.628225028514862, 0.9148885569535196, 2.750372139830142, 2.971937876558775, 4.695944361799831, 1.53956099152565, 1.8109812855841483, 0.7483114901930094, 3.88715526955732, 2.018153192733007, 7.548267984607158, 1.2003636152017862, 4.697078291938752, 1.6884331480127002], "val_accuracy": [0.40937501192092896, 0.39531248807907104, 0.621874988079071, 0.6343749761581421, 0.49687498807907104, 0.792187511920929, 0.625, 0.660937488079071, 0.4312500059604645, 0.831250011920929, 0.4078125059604645, 0.645312488079071, 0.653124988079071, 0.840624988079071, 0.8609374761581421, 0.776562511920929, 0.78125, 0.7484375238418579, 0.7359374761581421, 0.621874988079071, 0.44999998807907104, 0.43437498807907104, 0.6640625, 0.621874988079071, 0.625, 0.6640625, 0.6859375238418579, 0.7875000238418579, 0.535937488079071, 0.6390625238418579, 0.6312500238418579, 0.7734375, 0.7578125, 0.8374999761581421, 0.6468750238418579, 0.7640625238418579, 0.621874988079071, 0.7890625, 0.637499988079071, 0.7593749761581421], "loss": [0.1656811875805396, 0.08367515653028992, 0.06587471081046788, 0.040071757388532595, 0.02506418679369488, 0.02949458897396625, 0.019211857779090083, 0.02372081275955071, 0.019741544463926, 0.012958202118795377, 0.023785827535992357, 0.011351496975567546, 0.01361140988695191, 0.02166329578930752, 0.007904846542422014, 0.015670540347766146, 0.014921203965929686, 0.002956260832021155, 0.003607443129877075, 0.0050196972683611675, 0.008003173402212715, 0.014227690208341534, 0.004595630539565467, 0.004315861923025597, 0.006506283940989362, 0.012143308899242254, 0.012480534467635643, 0.011627471424243556, 0.005435709920307174, 0.006545235064589128, 0.004267858592831064, 0.00641705398540993, 0.0048706758356710025, 0.0029285524090460475, 0.001156859870710542, 0.007599943655938179, 0.009508878697220571, 0.00959887528854896, 0.010939205349775017, 0.0025801167900201464], "accuracy": [