{"val_loss": [0.38726520873606207, 0.3473930139094591, 0.40706156510859726, 0.4863038470502943, 0.6188127528410405, 0.5673803298734128], "val_accuracy": [0.8343750238418579, 0.885937511920929, 0.84375, 0.8031250238418579, 0.7671874761581421, 0.7867187261581421], "loss": [16.25180485172687, 0.4611834215191408, 0.4251328069753795, 0.42768368136313356, 0.3968843606631764, 0.40301984728006573], "accuracy": [