{"val_loss": [0.8070592398289591, 0.4121461966075003, 0.4271399575285614, 0.9604419779003365, 0.9450344962271628, 2.482651513461133, 1.1152087494338048, 1.8806940799259337, 2.2200253505667433, 1.20637306519493, 1.0654119004117093, 1.2235262155154487, 2.318860463565204, 2.8365762780912918, 2.9699658049211806, 1.971976944306698, 2.9217025015569504, 2.8867574953095683, 2.891630652112525, 3.5701211980424943, 3.7261368560773556, 3.40515956886279, 4.10091808006013, 4.052540912170331, 4.0433283079559885, 4.068953651620007, 4.273697376969726, 4.246355976234198, 4.452002385525829, 4.65228362996561, 4.663586258602882, 4.464940776949952, 4.746180444092833, 4.5762645920709115, 4.996054107711123, 4.947419609956325, 5.060307495575586, 4.997901865699644, 5.057622284873565, 5.0153038692457645, 5.523077646859794, 5.196067907019337, 5.238056471407132, 5.4313979699672315, 5.457778762717929, 5.367418325491, 5.4877105847630165, 5.533443649423182, 5.564011658196655, 5.62063021313373, 5.690405341892911, 5.775082736989662, 5.813299963127369, 5.99524730550686, 5.8290214800747435, 5.949141896159751, 6.070832747145432, 6.020664563554414, 6.006992043607927, 6.352121910688794, 6.264654560056688, 6.1864263301863565, 5.908163587039738, 6.35553372931346, 6.4098867243751245, 6.432557912146059, 6.584800816323812, 6.479971068840795, 6.85553556609383, 6.406572113364925], "val_accuracy": [0.7015625238418579, 0.871874988079071, 0.8734375238418579, 0.7578125, 0.78125, 0.651562511920929, 0.7734375, 0.714062511920929, 0.7093750238418579, 0.7749999761581421, 0.765625, 0.765625, 0.707812488079071, 0.7093750238418579, 0.706250011920929, 0.7250000238418579, 0.7015625238418579, 0.723437488079071, 0.731249988079071, 0.71875, 0.71875, 0.7328125238418579, 0.7171875238418579, 0.7203124761581421, 0.7250000238418579, 0.7250000238418579, 0.7250000238418579, 0.7250000238418579, 0.723437488079071, 0.71875, 0.7203124761581421, 0.7250000238418579, 0.721875011920929, 0.7250000238418579, 0.71875, 0.7203124761581421, 0.7203124761581421, 0.7250000238418579, 0.7250000238418579, 0.7250000238418579, 0.71875, 0.7250000238418579, 0.7250000238418579, 0.7203124761581421, 0.721875011920929, 0.7250000238418579, 0.7250000238418579, 0.723437488079071, 0.7250000238418579, 0.7250000238418579, 0.723437488079071, 0.723437488079071, 0.723437488079071, 0.7203124761581421, 0.7250000238418579, 0.723437488079071, 0.7203124761581421, 0.723437488079071, 0.723437488079071, 0.71875, 0.7203124761581421, 0.723437488079071, 0.7281249761581421, 0.721875011920929, 0.721875011920929, 0.723437488079071, 0.7203124761581421, 0.723437488079071, 0.71875, 0.7250000238418579], "loss": [230.3063933710379, 0.14239866864736095, 0.081809660494099, 0.07814364070415589, 0.06164191014339085, 0.0685897801939878, 0.041031619765298684, 0.029370851309804324, 0.03329323702870348, 0.0358893023132478, 0.05459568629032744, 0.04773019501286633, 0.023509182097701687, 0.010475855424608807, 0.01308463176639545, 0.08892104079596201, 0.023597754830883052, 0.0038148417659646665, 0.010356360141357887, 0.0010409542038733927, 0.0006591152201408086, 0.0005315982249113331, 0.0004320240500893735, 0.00031882586398489053, 0.0002576296501055551, 0.00022082134216746738, 0.00019183442688638493, 0.0001627667741201878, 0.00014554507177230434, 0.00012704184350444781, 0.00010506731902689822, 9.723755439862672e-05, 8.56466985465116e-05, 7.770820009938878e-05, 6.784038487239741e-05, 6.145030265040852e-05, 5.401091146357576e-05, 4.936976456185132e-05, 4.647455534723122e-05, 4.103423395848324e-05, 3.676924926406123e-05, 3.451877240977801e-05, 2.9109892116167135e-05, 2.7062792388317524e-05, 2.3859193598956192e-05, 2.171907624066593e-05, 2.042326815294445e-05, 1.8574890030885972e-05, 1.7515266974854957e-05, 1.5235468008596718e-05, 1.3790991587389459e-05, 1.2821579087308042e-05, 1.1499581763470754e-05, 1.0995386968370105e-05, 9.86933614206079e-06, 8.84836306633666e-06, 8.286882213021267e-06, 7.538467121898947e-06, 6.859172118796543e-06, 6.279536286556713e-06, 5.87581180046915e-06, 5.2385182157809004e-06, 4.789164212764994e-06, 4.582729893125227e-06, 4.075839229312945e-06, 3.75375667321897e-06, 3.3919231402998854e-06, 3.1773951232123512e-06, 2.8718628055877757e-06, 2.6360558087005016e-06], "accuracy": [