{"val_loss": [0.47976094025133126, 0.44052159675554803, 0.44947797602211087, 0.6711061018209007, 0.45449273862451567], "val_accuracy": [0.7746986150741577, 0.7907025218009949, 0.7894554734230042, 0.6662048101425171, 0.7961757183074951], "loss": [15.781016799930821, 0.6419036011557763, 0.43050112641626653, 0.41449491464198857, 0.3892226998180539], "accuracy": [