{"val_loss": [0.3464075043797493, 0.3035587206482887, 0.4744863096624613, 0.29716404601931573, 0.4285264113917947, 0.7373539090156556, 0.7273084282875061, 0.8042050808668136, 1.1331718012690544, 0.7686940759420395], "val_accuracy": [0.8656250238418579, 0.895312488079071, 0.793749988079071, 0.903124988079071, 0.8374999761581421, 0.37812501192092896, 0.37812501192092896, 0.37812501192092896, 0.37812501192092896, 0.37812501192092896], "loss": [32.798175842829494, 0.4544499039396026, 0.4315421459756768, 0.4239825544005353, 0.41033604943825946, 0.6401541816075984, 0.6720065217629864, 0.6740123212389627, 0.6733341477991068, 0.6803341262315589], "accuracy": [