{"val_loss": [0.5366384444490434, 0.8135059961951582, 0.5583401146226393, 0.6171086404950509, 0.7453925785974771, 0.8054377883714003, 0.9826986861711197, 0.9594278770260746, 1.1059034145515887, 1.2276787920056305, 6.3577191954539005, 1.121200929886418, 1.25151513137458, 2.854798754188419, 1.047726262768539, 1.5509667647581875, 1.8750104413002142, 1.1701612214561181, 1.3332071542145307, 1.203398925308773, 2.0053764330974144, 0.96511910856183, 1.9701590005563347, 1.579066750150402, 1.7065204730090688, 1.5140704994354925, 1.3590653746965091, 1.598915611022924, 1.2263167159449662, 2.2599979749707577, 1.200118763191147, 1.5256395139797272, 1.5331677587516555, 1.3989480773839107, 1.5585475655664331], "val_accuracy": [0.7594901919364929, 0.6963147521018982, 0.7190357446670532, 0.7240232825279236, 0.7248545289039612, 0.7550567984580994, 0.7736214995384216, 0.7644776701927185, 0.7664172649383545, 0.7777777910232544, 0.6963147521018982, 0.7423108816146851, 0.7636464238166809, 0.7079523205757141, 0.7672485709190369, 0.7675256133079529, 0.7400941848754883, 0.7542255520820618, 0.7647547721862793, 0.746190071105957, 0.7470213174819946, 0.7514547109603882, 0.7594901919364929, 0.7423108816146851, 0.7569963932037354, 0.7617068290710449, 0.750069260597229, 0.7600443363189697, 0.7675256133079529, 0.7547796964645386, 0.752008855342865, 0.7714048027992249, 0.7536713480949402, 0.7450817227363586, 0.7608755826950073], "loss": [0.45757272248896, 0.4059214424035625, 0.3526070125393219, 0.25894621091776016, 0.15094214819599755, 0.0849862654575898, 0.05793244351873281, 0.04604522381137324, 0.04042941307968042, 0.03334227722905502, 0.030419831963852756, 0.029820060048994214, 0.023819741920584166, 0.02310234816416434, 0.021258814930513466, 0.020748911409339356, 0.017576182963989172, 0.01654808924596248, 0.015826488010786535, 0.011577846687261138, 0.019095778487215824, 0.012581303263184953, 0.013745906156923655, 0.01126699267503144, 0.014268099467219264, 0.014669274948439913, 0.012745946107644743, 0.0066871892340942644, 0.013479198095743876, 0.011745452292453664, 0.007721557435521595, 0.006935395404838456, 0.010852571091371365, 0.008735580038242602, 0.008753886942380855], "accuracy": [