{"val_loss": [0.3408155269920826, 0.42478371486067773, 0.5806346800178289, 0.5144103242084384, 1.2771478115959325, 1.42058169766824, 1.0181006222264841, 0.8039335148991086, 1.2236452772507618, 1.149269015705795, 2.6914946607980257, 1.3259449345539907, 1.3933916751988362, 1.5229617348562896, 1.3385793358087539, 1.6294061700965359, 1.459246301382518, 1.3484955698822887, 1.0039713580190437, 1.3803171771602138, 1.688884695435945, 1.7699496445394458, 0.7841375253658043, 1.9046713328974192, 1.237135258073249, 0.7816984787466936, 1.5556917006699222, 1.0670821982828784, 1.547183611156288, 1.0613657429639716, 1.4670897894574182, 1.6066122822942135, 1.5305128407735538, 0.8512446262640878, 0.7598346131737344, 1.058595545843127, 1.4112790994719944, 2.567336336864721, 1.642897516753783, 0.9910032553096244, 2.223960596787367, 1.3430781503910112, 1.5333342252444708, 0.9947544491646113, 1.4102584361731716, 1.7290259517126174, 1.1840279047726654, 2.381699489764398, 1.7776251189482548, 1.7051400400698185, 1.4791888109552018, 1.5339582565379715, 1.1767283755994868, 1.6083167347983818, 1.34669416886245, 0.9937206122631324, 1.277370238606818, 1.4087429714505562, 1.790746425837824, 1.3601120262912445, 1.2213231118897965, 1.343609980853944, 1.6591799606612767, 1.104075239429949, 2.8014450574809757, 1.8552086386866449, 1.91812718093679, 0.987614499614574, 3.475919177498775, 3.298812796349947, 2.8541837809214234, 1.8139168018493366, 1.6336099856423971, 1.0768163135828217, 1.8104522828008158], "val_accuracy": [0.8765624761581421, 0.817187488079071, 0.7796875238418579, 0.7984374761581421, 0.7265625, 0.7109375, 0.762499988079071, 0.8109375238418579, 0.770312488079071, 0.8062499761581421, 0.6875, 0.745312511920929, 0.7718750238418579, 0.768750011920929, 0.692187488079071, 0.7953125238418579, 0.800000011920929, 0.817187488079071, 0.8187500238418579, 0.792187511920929, 0.7203124761581421, 0.7671874761581421, 0.824999988079071, 0.746874988079071, 0.8125, 0.854687511920929, 0.7578125, 0.7953125238418579, 0.7734375, 0.848437488079071, 0.792187511920929, 0.796875, 0.817187488079071, 0.8609374761581421, 0.831250011920929, 0.8203125, 0.801562488079071, 0.7406250238418579, 0.7671874761581421, 0.8187500238418579, 0.760937511920929, 0.792187511920929, 0.800000011920929, 0.8453124761581421, 0.796875, 0.792187511920929, 0.8218749761581421, 0.7749999761581421, 0.7953125238418579, 0.6734374761581421, 0.8265625238418579, 0.8109375238418579, 0.8343750238418579, 0.831250011920929, 0.807812511920929, 0.846875011920929, 0.831250011920929, 0.824999988079071, 0.792187511920929, 0.831250011920929, 0.832812488079071, 0.831250011920929, 0.8046875, 0.856249988079071, 0.7953125238418579, 0.792187511920929, 0.7562500238418579, 0.824999988079071, 0.7281249761581421, 0.753125011920929, 0.768750011920929, 0.796875, 0.807812511920929, 0.846875011920929, 0.8265625238418579], "loss": [0.46266447656247395, 0.42049124173825697, 0.3860816412750103, 0.31814663780935293, 0.22932068913148354, 0.12992320119759904, 0.07693989531121835, 0.05439769976086784, 0.04406593460611982, 0.03763814606544568, 0.03483720487755664, 0.03212655024562596, 0.024972051876826242, 0.02691020698563772, 0.01853856944937155, 0.022838743575836682, 0.019026411528148816, 0.015157910360167927, 0.02068708315305572, 0.018551802889254704, 0.01319752948965655, 0.012554169392989747, 0.016110162273811193, 0.01178760020112102, 0.014829473557391204, 0.013985643079044398, 0.010008251609002757, 0.009625556960690868, 0.01054496698153419, 0.009264908088834645, 0.009173231550356363, 0.010668695699346956, 0.011037579749913701, 0.007978771323013657, 0.008948353629151622, 0.008475768136774177, 0.006033912954228077, 0.006949795430644693, 0.005457745489362033, 0.011091133297971166, 0.007458839986517621, 0.00816570531201952, 0.007670155071788383, 0.0056218036359254354, 0.006455432287673746, 0.005990407068044779, 0.005452455177144587, 0.006716110538215045, 0.003356719282541441, 0.006751499053439955, 0.0063314506334299775, 0.007368743760647787, 0.005120788736475755, 0.005922259599763825, 0.0025759172750648004, 0.004546680665041539, 0.0033952198894599936, 0.00375102447234435, 0.005962761587677064, 0.004666587679138263, 0.005834906310725034, 0.0025724613171218286, 0.0033512346163570234, 0.007322251573051073, 0.003700322613259268, 0.0041043597878672065, 0.0031797723355238205, 0.0030096915779313877, 0.005234618731186461, 0.004176765794841468, 0.002857808137678785, 0.003826129668655164, 0.003475748454042632, 0.00281301245502075, 0.003813188914598841], "accuracy": [