{"val_loss": [0.6081752873957157], "val_accuracy": [0.758593738079071], "loss": [18.055639468267774], "accuracy": [