{"val_loss": [1.0864514797227458, 0.46039951387792827, 0.4101474180817604, 0.38257850650697944, 0.49505296545103195, 0.6056206638459116, 0.542708494886756, 0.44629877358675, 0.3496501125395298, 0.4271982340142131], "val_accuracy": [0.7250000238418579, 0.796875, 0.852343738079071, 0.878125011920929, 0.78125, 0.7835937738418579, 0.7437499761581421, 0.860156238079071, 0.8687499761581421, 0.8734375238418579], "loss": [16.874381986969503, 0.5900572992301474, 0.4512781149306517, 0.4178622589471751, 0.3980230308992008, 0.40615818773829376, 10.464107724483304, 0.4895026924198591, 0.4611669979375496, 0.4381140024230896], "accuracy": [