{"val_loss": [231.38203328847885, 35.01715167760849, 134.00540054142476, 65.0028651583947, 50.366147071962494, 63.323489141998365, 43.505817371637804, 48.37264221624067, 52.83466989248991, 53.13251645359843, 34.00274359676987, 39.96117079153403, 44.88392815627158, 35.12418998694047, 50.251799781620505, 50.92408233881922, 26.446753508241454, 30.778516732034404, 38.795742217278736, 39.62712177567884, 31.439490395542123, 22.032491246304993, 32.54460919952139, 20.719481458561624, 19.767374248374015], "val_accuracy": [0.653124988079071, 0.8804687261581421, 0.6875, 0.7632812261581421, 0.8046875, 0.7515624761581421, 0.7835937738418579, 0.737500011920929, 0.72265625, 0.707812488079071, 0.7828124761581421, 0.742968738079071, 0.7203124761581421, 0.768750011920929, 0.721875011920929, 0.7242187261581421, 0.83984375, 0.721875011920929, 0.702343761920929, 0.703906238079071, 0.729687511920929, 0.7476562261581421, 0.7046874761581421, 0.7749999761581421, 0.72265625], "loss": [426.1796574290236, 11.620042228483905, 9.229845691743517, 3.093938383740691, 1.41402413966926, 4.729310268249503, 2.6596634145314764, 0.4818082676285626, 0.3444717193445815, 0.1504708900527866, 0.08474477804011811, 0.18710119663919272, 0.06011339238202228, 0.05332935177750402, 0.10387527231080299, 0.0179132188579764, 0.22075427564566796, 2.1093668469227858, 0.12584764081582195, 0.04189969199606354, 0.15377585825122694, 0.09211532515347454, 0.012398763805277003, 0.005210927302982872, 0.23779060608109423], "accuracy": [