{"val_loss": [0.5037446541613111, 0.501327844959575, 0.6427862660050492, 0.8172540498196038, 0.7844972046632521, 0.6028729456552477, 0.9195675874357575, 0.8833741834534274, 0.9103524358888913, 0.9223685319419052, 0.9914086358505592, 1.0733960311014457, 1.1135695590045387, 1.2780039027048367, 0.9974348274714797], "val_accuracy": [0.7664172649383545, 0.755888044834137, 0.7392629384994507, 0.7218065857887268, 0.7037960886955261, 0.7744527459144592, 0.7453588247299194, 0.7439733743667603, 0.7655860185623169, 0.7414796352386475, 0.7448046803474426, 0.7592130899429321, 0.7680798172950745, 0.753948450088501, 0.7675256133079529], "loss": [0.49511021537543476, 0.4230672626386115, 0.389847988698579, 0.33882766853759405, 0.26137139198924986, 0.17487025148687071, 0.11083991221806873, 0.07818438746106222, 0.07095207568333071, 0.052986958686531034, 0.046851319633034245, 0.04141044840653705, 0.038010083122939825, 0.03690526579256213, 0.034239978658826595], "accuracy": [