{"val_loss": [0.7052795546442625, 0.44854305014447776, 0.5193926155913996, 0.6246782742104197, 0.6096805199984865, 0.8927088655174258, 0.6762621401749546, 0.7911822188260582, 1.0923365203585773, 0.9868802061104714, 0.9273179000056196, 1.0458517272771644, 0.9997214526144479, 1.2404164460003293, 1.4430548872568496, 1.1663745882505194, 3.042995577342096, 1.179567346681218, 0.9985115044200873, 1.6001572500770855, 1.2028320520728142, 2.3365469379218933, 1.5548192076684366, 1.416648132248115, 1.460809788237519, 1.6864631239414611, 1.3400230469483025, 1.6797144959329007, 1.6666095835510533, 1.084327444174046, 1.3960771513104142, 2.4702223180304212, 1.2492791593619812, 1.2217895285050668, 1.5111432330500687, 1.6875689826073756, 1.9237550322981085, 1.8324702336339616, 1.9084288406715595, 1.514545276311006], "val_accuracy": [0.6977002024650574, 0.7841507196426392, 0.7628151774406433, 0.7143253087997437, 0.7348296046257019, 0.7001939415931702, 0.7547796964645386, 0.7015793919563293, 0.7622610330581665, 0.7517317533493042, 0.7658631205558777, 0.7597672343254089, 0.752008855342865, 0.7639235258102417, 0.7636464238166809, 0.7633693814277649, 0.54945969581604, 0.7630922794342041, 0.7545026540756226, 0.7533943057060242, 0.7794402837753296, 0.6924355626106262, 0.7525630593299866, 0.7583818435668945, 0.7561651468276978, 0.7556109428405762, 0.7653089761734009, 0.7689110636711121, 0.7697423100471497, 0.7179273962974548, 0.7672485709190369, 0.7201440930366516, 0.7162649035453796, 0.7412025332450867, 0.7642006278038025, 0.755888044834137, 0.7511776089668274, 0.7655860185623169, 0.7686339616775513, 0.753948450088501], "loss": [0.492607652287534, 0.4273782036090386, 0.4023606775392414, 0.3568442518479676, 0.28660733762975027, 0.19550365669086237, 0.12667621930539993, 0.08370720875854598, 0.06747430026812962, 0.05616412766079561, 0.05091031110492926, 0.04183232187087956, 0.03720099596609991, 0.03716671444110739, 0.033193229545301746, 0.029171076443864487, 0.02903799848436609, 0.02732165128559557, 0.02471173050927634, 0.023568102729153693, 0.022803031407836138, 0.02087463871533662, 0.02346088017383685, 0.02021681030527585, 0.01924146382390035, 0.020429527224782158, 0.01838819873082568, 0.015619153058511102, 0.01728737141074768, 0.01680348610052713, 0.018323343990782833, 0.014250779933055284, 0.012458230680103799, 0.014576764759079016, 0.013833497806286364, 0.014982091365606147, 0.014636699775928477, 0.012437552063665884, 0.014879633850135195, 0.01264420240266223], "accuracy": [